variable,count,mean,std,min,25%,50%,75%,max,original
dummy1,1000.0,0.00043123021794691063,0.01198727175043247,-0.0349350136628021,-0.0075484657179608755,0.0007555970898036,0.008608196708291074,0.0377402462851958,-0.000249414899442
dummy2,1000.0,-0.0003018725763481237,0.009334936703398692,-0.0270236088793317,-0.0068579555374071255,-0.0002905957250245,0.006219403721363976,0.0290939432763847,-0.0008455054395228
x1,1000.0,0.018167859234963456,3.048921841247496,-9.319224465801224,-2.049594716879541,0.020933056608890048,2.023281542966205,28.20452322405225,28.20452322405225
x2,1000.0,-0.06612545715206859,7.64495712636676,-25.067946781756916,-5.040371211246901,-0.4182411964378572,4.742374160321709,75.05085831091029,75.05085831091029
x3,1000.0,0.05602027723437294,1.9066347270157318,-6.12912670866548,-1.2549261758404067,0.03200371650680835,1.1961457538152036,17.754511956009104,17.754511956009104
